adj,freq
전자,3125
삼성,2910
화웨이,1898
스마트폰,1632
기업,1582
갤럭시,1570
부회장,1326
이재용,1235
시장,1204
반도체,1145
사업,1031
미국,1027
바이오,969
대통령,938
한국,912
부시,835
출시,784
하이닉스,745
대표,725
글로벌,714
국내,707
부사,702
율,685
관련,660
텔레콤,649
검찰,644
거래,644
장비,641
코스피,625
종목,620
지원,606
모델,603
김태,545
업체,513
증거,511
정부,509
산업,489
하나,477
투자,474
동탄,470
점유,467
건강,463
애플,461
기자,455
수사,453
단독,451
분식회계,443
스마트,438
지역,437
기술,431
지난,423
매출,415
직스,414
중국,407
의혹,402
광주,394
체인,391
업계,387
면담,379
주가,377
구글,377
세계,376
삼바,372
올해,371
대한,368
지난해,367
서울,357
성장,356
제품,355
이익,352
그룹,350
위원,347
기록,341
하락,331
대해,327
신한지주,322
업종,318
증가,316
현대,315
관심,314
포인트,314
현재,313
서비스,311
최근,306
최대,302
가운데,302
이상,301
카메라,301
현대차,300
인근,295
조지,293
구속,291
상황,287
기존,283
공장,282
프리미엄,279
출원,279
부문,278
개선,275
모비스,275
판매량,275
센터,271
금융투자,270
전기,269
사진,269
통해,268
보고,265
외국인,262
와이드,262
인지,262
셀트리온,260
제재,258
구축,254
대표이사,253
경우,252
규모,250
통신,247
가격,242
마감,242
구속영장,242
신규,242
특허,242
대비,241
화학,241
고객,239
단지,238
영장,238
매수,236
상승,235
증권,235
판매,233
기준,230
카카오,230
방한,230
가장,229
기관,229
시가총액,228
중인,227
첫,226
혐의,225
사람,225
영향,221
기흥,220
상위,219
전망,218
화성,218
블록,217
철강,216
발표,215
호텔,215
종합,214
솔루션,214
오른,214
연구원,212
저가,210
삭제,210
소환,210
청구,207
탑재,205
모바일,205
진행,203
가입,202
기부,202
시간,200
경쟁,199
주목,197
예상,197
전일,196
인텔,195
에릭슨,194
문제,194
한편,193
확대,193
하반기,193
유플러스,192
확인,190
인력,189
조사,189
총,188
포스코,187
대회,187
후원,187
쿠폰,187
주,186
중단,186
핵심,182
참여,182
양성,182
원금,181
상,180
팀,180
소니,180
회장,179
축소,179
공개,178
자료,178
자율,178
사장,177
분야,177
아이폰,177
세로,176
여부,176
작년,176
통신사,176
스포츠,172
스몰,172
코스모,171
클라우드,170
분석,168
에어컨,168
부친상,168
디스플레이,167
목표,167
캠퍼스,166
유럽,166
공급,165
네이버,165
단말,165
실,162
광화문,162
유니티,162
생활,161
오후,160
전용,160
지시,159
혁신,159
비롯,156
현지,155
도입,155
관계자,154
임원,152
더블,151
회계,151
팹리스,150
출발,149
오전,148
지수,148
이번,148
계약,147
모집,147
지속,147
아르셀로미탈,146
삼정,146
정보,145
직접,145
강세,145
어드바이저,144
향후,143
뉴시스,143
커버,142
중이,141
파일,141
시스템,139
대기업,139
플랫폼,139
심사,138
라며,137
화폐,137
노트,136
수도권,136
각각,135
버스,135
인터뷰,135
미만,135
암호,134
밸리,134
테크노,133
금융,132
때문,132
제조업체,132
김동현,132
정황,131
결과,131
비중,131
수요,131
아산시,131
약세,130
매도,130
집중,130
승계,129
오늘,128
개발자,128
일반,127
게임,127
위해,126
건설,126
기회,126
그린,126
무풍,125
팔자,125
속도,124
시작,123
상반기,123
퀄컴,123
디앱,123
유지,122
직원,122
공기청정기,122
만난,122
숙소,122
평가,121
제공,121
경영,121
다시,121
상승세,120
때,120
행사,120
인정,120
추첨,120
로밍,120
경품,120
문갑,120
폴드,119
일정,119
통합,119
메모리,119
무역,119
유치,119
냉장고,119
주요,118
실적,118
코스닥,116
소비자,116
또,116
과정,116
영업,116
사드,115
노인,115
재회,115
내년,114
예정,114
추격,114
철수,113
시티,112
고용,112
부고,112
맞춤,110
휴대폰,110
배터리,110
선정,110
부장,110
본격,109
가전,109
수혜,108
차량,108
사실,108
상무,108
추정,108
기업인,107
업황,106
해당,106
조작,106
별로,106
공원,106
다음,105
위주,105
김모,105
포럼,105
강세,104
송경호,104
피해,104
전체,103
디지털,103
테크,103
행차,103
제한,103
리스트,103
성공,103
교사,102
시민,102
부품,101
방식,101
계수영,101
선수권대회,101
경제,100
비즈니스,100
환경,100
설립,100
롯데,100
개인,100
베트남,100
선수촌,100
운영,99
물산,99
경기장,99
사태,98
아침,98
확보,98
조치,98
박모,98
차원,97
차례,97
이건희,97
비메,97
가입자,97
자회사,96
주력,96
모리,96
기능,96
캐리,96
프로토콜,96
노키아,95
입지,95
차지,95
한국전력,95
장기,95
램,94
앞,94
별세,94
주로,94
연구,93
내용,93
협업,93
인하,93
시행,93
국가,92
중심,92
중소기업,92
전문,91
공식,91
개최,91
확산,91
장주,91
논의,91
파트너,90
수원,90
의견,90
넷마블,90
매칭,90
트론,90
산업부,90
심리,89
증폭,89
다른,88
코리아,88
전국,88
나비효과,88
뉴스,87
수출,87
일각,87
절반,87
가치,86
요구,86
상무부,86
활성화,86
체육회,86
옵션,85
가능성,85
수뇌부,85
협력,85
중앙,85
생산량,85
정책,85
아우디,84
초기,84
이통,84
시장조사,84
유수,84
발전,84
고,83
이상은,83
빌딩,83
매력,83
스토어,82
일보,82
안정,82
월,82
태스크포스,82
현안,82
남편,82
비공개,82
시안,82
제시,81
위원회,81
흐름,81
예약,81
엔진,81
도코모,81
이동,81
개발,80
핀,80
테마,79
전략,79
인치,79
체결,79
애널,79
피의자,79
장인상,79
공단,79
개월,78
전달,78
반사,78
이노,78
결정,78
크게,78
애,78
지갑,78
수석,78
카잔,78
분간,78
망,77
회의,77
할인,77
안전,77
강화,76
입장,76
상장,76
향상,76
브랜드,76
제외,76
각,76
정치,76
김봉철,76
아주경제,76
시각,75
꼽,75
나이트,75
보도자료,75
국회,75
나선,74
직,74
시설,74
영상,74
회사,74
베스트,74
김동원,74
피스,74
폴더,74
헤지펀드,74
동아시아,74
전날,73
입,73
전세계,73
요청,73
클레이튼,73
뷰티,73
기대,72
서울중앙지법,72
수급,72
계기,72
압도,72
역할,72
드론,72
빙부,72
통화,71
개관,71
주장,71
형,71
격상,71
개통,71
예,70
최초,70
아시아나,70
고려대,70
국제,70
재경,70
출고,70
반납,70
외교,70
이노텍,70
첨단,70
견본주택,70
인원,70
기초자산,70
마지막,69
미래,69
목격,69
급증,69
주연,69
상환,69
목적,68
보도,68
이투데이,68
판사,68
재고,68
신제품,68
개장,68
달라,68
추구,68
집행,68
만기,68
리자드,68
득,68
볼,67
항공,67
세대,67
힘,67
설명,67
회,67
누리꾼,67
기아차,67
장하,67
재테크,67
찬스,67
홍콩,67
박주연,67
복지관,66
감소,66
출신,66
합병,66
의료,66
업데이트,66
타,66
정밀,66
과시,66
전라,66
경상,66
대사,66
패,66
위축,66
엑시노스,65
돕기,65
작성,65
노년기,65
석유화학,65
한주,65
스핀,65
그것,65
타격,64
처음,64
표,64
안,64
모,64
홈,64
무료,64
부족,64
베,64
임형진,64
아키텍트,64
신체,64
금제,64
충전,63
지난달,63
안드로이드,63
전담,63
지정,63
담,63
공짜,63
사례,63
류,63
정선,63
이전,62
오토,62
신형,62
균열,62
행보,62
보고서,62
담당,62
종이,62
문재인,62
온,62
통신업,62
소니코리아,62
흥행,62
분류,62
보건,62
차장,62
비주,62
씰,62
기해,62
승률,61
측은,61
밴드,61
인상,61
방문,61
정,61
향,61
은행,61
사건,61
앱,61
동참,61
책,61
방향,61
내부,61
섬유,61
의복,61
의약품,61
목재,61
유통업,61
내지,61
순이,61
개입,60
생산,60
원,60
몰리,60
패널,60
충청,60
위치,60
기능올림픽,60
경,59
선점,59
열사,59
지주,59
배치,59
준,59
가능,59
대폭,59
의심,59
은폐,59
기본,58
우리,58
제출,58
정보기술,58
당부,58
배후,58
리포트,57
선두,57
투자자,57
반면,57
전쟁,57
논란,57
페이,57
주도,57
행진,57
김홍,57
문호,57
전혀,57
온라인,56
최신,56
모든,56
구매,56
칼,56
육성,56
서도,56
존재,56
플래닛,56
성균관대,56
남부,56
초,55
시리즈,55
완전,55
다만,55
년,55
대형주,55
뿐,55
아웃,55
문서,55
리지,55
채택,55
도달,55
어제,54
취재,54
전무,54
상생,54
율도,54
역량,54
수영,54
총괄,54
사운드,54
복합,54
선발,54
면적,54
대화,54
수서역,54
노선,54
삼성역,54
여분,54
데이터,53
계획,53
주식,53
한숨,53
책임,53
분기,53
변경,53
금감원,53
작성자,53
매년,53
여울,53
호수,53
열전,53
클러스터,53
인접,53
리스크,53
엔터테인먼트,53
커뮤니케이션,53
보이,52
가동,52
앞서,52
하이,52
측정,52
관여,52
역임,52
날짜,52
스,52
금투,52
정미,52
화학물질,52
누,52
인체,52
화학사,52
고로,52
나중,52
환경부,52
저녁,51
왼쪽,51
현,51
보호,51
금지,51
풀,51
제기,51
턱밑,51
사설,51
엘비,51
세미,51
콘,51
밀러,51
일련번호,51
곤혹,51
외교부,51
속,50
차,50
영국,50
변동,50
인사,50
특수,50
기탁,50
일단,50
연합,50
발휘,50
비치,50
김호성,50
내의,50
만큼,49
비,49
중소,49
소프트웨어,49
끝,49
바이,49
정용준,49
소셜,49
업적,49
남도,49
행렬,49
광역시,49
피부,49
이유,48
우의,48
러시아,48
필요,48
수기,48
쇼핑,48
폭풍,48
배,47
기여,47
최적화,47
선임,47
이용,47
스크린,47
검,47
둘,47
디자이너,47
일자리,47
기인,47
급락,47
부상,47
소득,47
조남호,47
어드,47
저,47
이명박,47
고지,47
던,47
즉,47
테스,46
김웅,46
보조,46
개성,46
성수,46
리노,46
공업,46
데일리안,46
바로,45
노트북,45
신라,45
임,45
모습,45
진출,45
분쟁,45
업무,45
콘서트,45
복선,45
주리,45
중국어학,45
강사,45
주흔,45
이현우,45
비교,44
전력,44
백화점,44
문,44
한화,44
사의,44
자,44
검증,44
주축,44
검사,44
포함,43
사전,43
기간,43
대상,43
헬,43
스케,43
인기,43
독점,43
대만,43
위기,43
통한,43
널리,43
제조업,43
사기,43
우선,43
간접,43
남미,43
조성은,43
무진,43
기연,43
은탑,43
훈장,43
김정국,43
파트장,43
표창,43
공로,43
유공,43
포상,43
병영,43
거래소,42
콘텐츠,42
공시,42
케미칼,42
외,42
도전,42
현장,42
최저,42
붕괴,42
